objectid,accession_number,filename,youtubeid,vimeoid,title,creator,date,attribution,medium,dimensions,edition,description,subject,location,latitude,longitude,source,identifier,type,format,language,rights,rightsstatement
coll001,JSUART-2021-001,catalog-thumbs/fig-056_left-unknown-19th-century-african-american-portrait.png,,,Nineteenth-Century African American Portrait,Unknown,n.d.,,Medium unknown,19.6 x 15 in,,"A sepia‑toned, head‑and‑shoulders portrait rendered in charcoal and pastel. The sitter stares directly out, and his closely cropped hair frames a strong brow and well‑defined cheekbones. He wears a high‑collared dark jacket over a subtly striped shirt, the lapels sharply defined. The background is mottled, with faint tonal gradations that set off the sitter’s luminous features.",Portraiture,"Mississippi, United States",32.3547,-89.3985,JSU Department of Art collection catalog,Fig. 56,Image;StillImage,image/png,,JSU,All rights reserved. Reproduction or redistribution requires written permission from the Jackson State University Department of Art.
coll002,JSUART-2021-002,catalog-thumbs/fig-057_artist-not-currently-known-portrait-after-a-historic-african-american-photograph-n-d-medium-unknown-19-6-x-15-in.png,,,Nineteenth-Century African American Portrait,Unknown,n.d.,,Medium unknown,19.6 x 15 in,,"A softly lit, mid‑tone charcoal and pastel drawing from the shoulders up. Her hair is parted at center and pulled back, revealing delicate earrings. She gazes just past the viewer, her expression serene and self‑possessed. She wears a high‑necked dark blouse with subtle pleating at the collar. The paper has warm sepia tones and slight age‑spotting around the edges.",Portraiture,"Mississippi, United States",32.3547,-89.3985,JSU Department of Art collection catalog,Fig. 57,Image;StillImage,image/png,,JSU,All rights reserved. Reproduction or redistribution requires written permission from the Jackson State University Department of Art.
coll003,JSUART-2021-003,catalog-thumbs/fig-021_karl-griffin-juanita-n-d.png,,,Juanita,Karl Griffin,c. 1950s,,Oil on canvas,31.5 x 23.5 in,,"A semi-realistic oil painting of a nude woman with a contemplative expression. The subdued color palette and soft brushwork create a sense of intimacy and introspection. The shading and highlights emphasize the contours of her body, bringing depth to the figure.",Figure,"Jackson, Mississippi, United States",32.2988,-90.1848,JSU Department of Art collection catalog,Fig. 21,Image;StillImage,image/png,,JSU,All rights reserved. Reproduction or redistribution requires written permission from the Jackson State University Department of Art.
coll004,JSUART-1968-001,catalog-thumbs/fig-071_thomas-eloby-self-portrait-1968-ink-on-paper.png,,,Self-Portrait,Thomas E. Eloby II,1968,,Ink on paper,6.25 x 8.25 in,,"A self-portrait in ink on paper of the artist, Thomas Eloby.",Portraiture,"Clarksdale, Mississippi, United States",34.1998,-90.573,JSU Department of Art collection catalog,Fig. 71,Image;StillImage,image/png,,JSU,All rights reserved. Reproduction or redistribution requires written permission from the Jackson State University Department of Art.
coll005,JSUART-2021-004,catalog-thumbs/fig-072_thomas-eloby-landscape-n-d.png,,,Landscape,Thomas E. Eloby II,c. 1960s,,Oil on canvas,36 x 24 in,,An impressionistic landscape scene. ,Landscape,"Clarksdale, Mississippi, United States",34.1998,-90.573,JSU Department of Art collection catalog,Fig. 72,Image;StillImage,image/png,,JSU,All rights reserved. Reproduction or redistribution requires written permission from the Jackson State University Department of Art.
coll006,JSUART-2021-005,Unknown3.jpg,,,Brown and Gold Abstract,Unknown,,,,,,"An energetic abstract painting on a warm cream background. Thick, looping bands of dark brown outline large circular and ovoid shapes, inside which blocks of russet, olive green, and pale gray interlock. Fine white strokes traverse the forms like calligraphic accents, while areas of exposed paper peek through, balancing the composition. The overall effect is rhythmic and organic.",Abstract,"Jackson, Mississippi, United States",32.2988,-90.1848,JSU Permanent Collection,,Image;StillImage,image/jpeg,,JSU,All rights reserved. Reproduction or redistribution requires written permission from the Jackson State University Department of Art.
coll007,JSUART-2021-006,Coleman1.jpg,,,Large figure and football field,"Coleman, Floyd",,,,,,"An abstract exploration of motion and energy, this composition blends sweeping black ink strokes with subtle watercolor washes. The calligraphic forms and layered textures create a dynamic interplay, evoking a sense of movement and spontaneity.",Figure,"Jackson, Mississippi, United States",32.2988,-90.1848,JSU Permanent Collection,,Image;StillImage,image/jpeg,,JSU,All rights reserved. Reproduction or redistribution requires written permission from the Jackson State University Department of Art.
coll008,JSUART-2021-007,catalog-thumbs/fig-036_brockford-gordon-kneeling-football-player-n-d.png,,,Kneeling Football Player,Brockford Gordon,c. 1975,,Photograph on foam board,,,"A color photograph of an American football player wearing a dark uniform with the number 97 on the back. He is kneeling on the sideline, resting his hand on his helmet. ",Figure,"Jackson, Mississippi, United States",32.2988,-90.1848,JSU Department of Art collection catalog,Fig. 36,Image;StillImage,image/png,,JSU,All rights reserved. Reproduction or redistribution requires written permission from the Jackson State University Department of Art.
coll009,JSUART-1963-001,Federico.jpg,,,Untitled “Abstract Urban Landscape”,Federico,1963,,,,,"A semi-abstract cityscape filled with dynamic energy and movement. The layered washes of color create an atmospheric depth, while the bold, gestural ink lines evoke an urban environment in flux. ",City,"Jackson, Mississippi, United States",32.2988,-90.1848,JSU permanent collection,,Image;StillImage,image/jpeg,,JSU,All rights reserved. Reproduction or redistribution requires written permission from the Jackson State University Department of Art.
coll010,JSUART-2021-008,catalog-thumbs/fig-074_ron-schnell-landscape-with-a-bridge-n-d.png,,,Landscape with a Bridge,Ronald O. Schnell,c. 1960s,,Oil on canvas,44 x 42 in,,An impressionistic landscape of a stone bridge over a forested stream. A single-arch bridge spans gently flowing water at the canvas’s center. ,Landscape,"Jackson, Mississippi, United States",32.2988,-90.1848,JSU Department of Art collection catalog,Fig. 74,Image;StillImage,image/png,,JSU,All rights reserved. Reproduction or redistribution requires written permission from the Jackson State University Department of Art.
coll016,JSUART-1979-001,catalog-thumbs/fig-086_lucky-sibiya-women-with-animals-1979.png,,,Women with Animals,Lucky Sibiya,1979,,Silkscreen on paper,19.5 x 27.25 in,ed. 144/250,"An abstracted composition of interlocking black silhouettes of human figures and animal forms are outlined in burnt sienna, olive and turquoise. The flattened shapes dance across the terracotta ground.",Figure,"Johannesburg, South Africa",-26.2041,28.0473,JSU Department of Art collection catalog,Fig. 86,Image;StillImage,image/png,,JSU,All rights reserved. Reproduction or redistribution requires written permission from the Jackson State University Department of Art.
coll018,JSUART-2021-010,catalog-thumbs/fig-088_hargreaves-ntukwana-figure-with-jug-n-d-14-25x10.png,,,Figure with Jug,Hargreaves Ntukwana,c. 1970s,,Mixed media on paper,14.25 x 10 in,,"A stylized representation of a musician playing a stringed instrument. The geometric abstraction of the figure is reminiscent of modernist painting styles, with a mix of warm and cool tones creating depth. ",Figure,"Johannesburg, South Africa",-26.2041,28.0473,JSU Department of Art collection catalog,Fig. 88,Image;StillImage,image/png,,JSU,All rights reserved. Reproduction or redistribution requires written permission from the Jackson State University Department of Art.
coll020,JSUART-2021-012,catalog-thumbs/fig-087_hargreaves-ntukwana-figure-with-small-bird-n-d-20-x-28-25.png,,,Figure with Small Bird,Hargreaves Ntukwana,c. 1970s,,Mixed media on paper,20 x 28.25 in,,"A seated figure playing a stringed instrument, with a rounded form suggesting a shell or protective space. ",Figure,"Johannesburg, South Africa",-26.2041,28.0473,JSU Department of Art collection catalog,Fig. 87,Image;StillImage,image/png,,JSU,All rights reserved. Reproduction or redistribution requires written permission from the Jackson State University Department of Art.
coll021,JSUART-2021-013,catalog-thumbs/fig-091_eli-kobeli-musicians-n-d-chalk-on-paper.png,,,Musicians,Eli Kobeli,c. 1970,,Chalk on paper,36 x 22.5 in,,This painting presents a dynamic depiction of a blues guitarist enveloped in an expressive mix of warm and cool colors. The use of contour lines and fluid brushstrokes creates a sense of rhythm and movement.,Figure,"Johannesburg, South Africa",-26.2041,28.0473,JSU Department of Art collection catalog,Fig. 91,Image;StillImage,image/png,,JSU,All rights reserved. Reproduction or redistribution requires written permission from the Jackson State University Department of Art.
coll022,JSUART-1997-001,Freeman.jpg,,,Photographs; 1 portfolio (12 photographic prints) Edition 13/45,"Freeman, Rowland",1997,,,,,"A powerful documentary portfolio of photographs exuding a sense of history, resilience, and community. ",Portraiture,"Baltimore, United States",39.2904,-76.6122,JSU permanent collection,,Image;StillImage,image/jpeg,,JSU,All rights reserved. Reproduction or redistribution requires written permission from the Jackson State University Department of Art.
coll024,JSUART-1966-001,catalog-thumbs/fig-078_cliff-johnson-haunted-house.png,,,Haunted House,Cliff Johnson,1966,,Medium unknown,17 x 22.5 in,,"A watercolor painting depicting an old, possibly abandoned, wooden house in a rural landscape. The atmospheric rendering of the sky and the weathered appearance of the house suggest themes of nostalgia, decay, and the passage of time.",Landscape,"Georgia, United States",32.1656,-82.9001,JSU Department of Art collection catalog,Fig. 78,Image;StillImage,image/png,,JSU,All rights reserved. Reproduction or redistribution requires written permission from the Jackson State University Department of Art.
coll025,JSUART-1967-001,catalog-thumbs/fig-095_edward-colker-sign-and-symbol-106-210-1967.png,,,Sign and Symbol,Edward Colker,1967,,Lithograph in color,106/210,ed. 106/210,"A fluid, gestural composition, this piece features expressive ink strokes combined with delicate, atmospheric washes of color. The interplay of controlled and spontaneous marks creates a sense of transformation, evoking the expressive potential of abstraction.",Abstract,"Mount Kisco, New York, United States",41.2007,-73.7178,JSU Department of Art collection catalog,Fig. 95,Image;StillImage,image/png,,JSU,All rights reserved. Reproduction or redistribution requires written permission from the Jackson State University Department of Art.
coll030,JSUART-2021-014,catalog-thumbs/fig-041_anderson-macklin-abstract-landscape-n-d.png,,,Abstract Landscape,Anderson Macklin,c. 1990,,Oil on canvas,23.5 x 36 in,,"A minimalistic winter landscape with a barren tree at the center. The subdued color palette and delicate brushstrokes create a tranquil and contemplative mood, emphasizing nature’s quiet beauty.",Landscape,"Jackson, Mississippi, United States",32.2988,-90.1848,JSU Department of Art collection catalog,Fig. 41,Image;StillImage,image/png,,JSU,All rights reserved. Reproduction or redistribution requires written permission from the Jackson State University Department of Art.
coll031,JSUART-1973-001,Angela.jpg,,,Impressioned Landscape,"M, Angela",1973,,,,,"This impressionistic landscape captures a serene natural environment with rich, textured brushstrokes. ",Landscape,"Jackson, Mississippi, United States",32.2988,-90.1848,JSU permanent collection,,Image;StillImage,image/jpeg,,JSU,All rights reserved. Reproduction or redistribution requires written permission from the Jackson State University Department of Art.
coll033,JSUART-1970-001,catalog-thumbs/fig-032_floyd-willis-coleman-study-17-c.png,,,Study #17,Floyd Willis Coleman,c. 1970s,,,,,"This abstract work juxtaposes organic and geometric forms, layering earthy tones with bold black shapes. The textured application of color and composition gives it a sculptural presence, with forms that seem to emerge from the surface. The contrast between soft washes and stark lines creates a compelling visual dynamic.",Abstract,"Jackson, Mississippi, United States",32.2988,-90.1848,JSU Department of Art collection catalog,Fig. 32,Image;StillImage,image/png,,JSU,All rights reserved. Reproduction or redistribution requires written permission from the Jackson State University Department of Art.
coll034,JSUART-1980-001,catalog-thumbs/fig-053_dominic-azogini-untitled-sketch-of-a-man-c.png,,,Untitled (Sketch of a Man),Dominic Azogini,c. 1980s,,Medium unknown,18 x 23 in,,"This emotionally charged portrait captures a figure in a moment of introspection. The rough, expressive linework makes this piece feel both intimate and universal.",Portraiture,"Jackson, Mississippi, United States",32.2988,-90.1848,JSU Department of Art collection catalog,Fig. 53,Image;StillImage,image/png,,JSU,All rights reserved. Reproduction or redistribution requires written permission from the Jackson State University Department of Art.
coll035,JSUART-1980-002,catalog-thumbs/fig-055_attma-passage-ca-1980-engraving.png,,,Passage,Attma,c. 1980,,Engraving,,,"A striking monochrome print, this piece presents silhouetted figures in a deeply contemplative pose. The composition features a central figure holding a child, contrasted against a background of rhythmic, gestural linework. The use of light and shadow emphasizes the quiet intimacy between the subjects, evoking themes of family, memory, and resilience.",Figure,"Jackson, Mississippi, United States",32.2988,-90.1848,JSU Department of Art collection catalog,Fig. 55,Image;StillImage,image/png,,JSU,All rights reserved. Reproduction or redistribution requires written permission from the Jackson State University Department of Art.
coll036,JSUART-1967-002,catalog-thumbs/fig-096_william-majors-burning-bush-72-110-1967.png,,,Burning Bush,William Majors,1967,,Etching in sepia,72/110,ed. 72/110,"A complex, highly detailed black and white etching, featuring an explosion of abstract forms and fine line work. The piece invites close inspection, as intricate organic shapes seem to emerge from the background.",Abstract,"Pennsylvania, United States",41.2033,-77.1945,JSU Department of Art collection catalog,Fig. 96,Image;StillImage,image/png,,JSU,All rights reserved. Reproduction or redistribution requires written permission from the Jackson State University Department of Art.
coll037,JSUART-1965-001,catalog-thumbs/fig-099_herbert-lewis-fink-the-foot-path-137-210-1965.png,,,The Foot Path,Herbert Lewis Fink,1965,,Etching,17 1/8 x 21 3/8 in,ed. 137/210,"A meticulously detailed landscape drawing that leads the viewer’s eye down a narrow path cutting through overgrown grass. The intricate linework captures the texture of the foliage, creating a rich sense of movement and organic life. ",Landscape,"Providence, Rhode Island, United States",41.8236,-71.4222,JSU Department of Art collection catalog,Fig. 99,Image;StillImage,image/png,,JSU,All rights reserved. Reproduction or redistribution requires written permission from the Jackson State University Department of Art.
coll038,JSUART-2021-015,catalog-thumbs/fig-094_jeane-b-oosting.png,,,Autumn,Jeanne Bieruma Oosting,n.d.,,acquired 1966. Linocut in color,"Linocut in color, ed. 127/210",ed. 127/210,A stylized still‑life of fruit rendered in an autumnal palette. ,Still Life,"The Hague, Holland",52.0705,4.3007,JSU Department of Art collection catalog,Fig. 94,Image;StillImage,image/png,,JSU,All rights reserved. Reproduction or redistribution requires written permission from the Jackson State University Department of Art.
coll039,JSUART-2000-002,catalog-thumbs/fig-048_lester-julian-merriweather-foundations-2000.png,,,Foundations,Lester Julian Merriweather,2000,,Photograph,,,A black-and-white photograph that captures an intimate moment between an elderly man and a baby. ,Portraiture,"Jackson, Mississippi, United States",32.2988,-90.1848,JSU Department of Art collection catalog,Fig. 48,Image;StillImage,image/png,,JSU,All rights reserved. Reproduction or redistribution requires written permission from the Jackson State University Department of Art.
coll042,JSUART-1966-002,catalog-thumbs/fig-098_robert-malone-spring-night-123-210-1966.png,,,Spring Night,Robert R. Malone,1966,,Etching in color,20 x 16 in,ed. 123/210,"A textured, abstract print featuring an earthy green background with scratch-like marks and a white crescent shape. The raw, expressive quality suggests a connection to nature or the passage of time.",Abstract,"Edwardsville, Illinois, United States",38.8106,-89.9536,JSU Department of Art collection catalog,Fig. 98,Image;StillImage,image/png,,JSU,All rights reserved. Reproduction or redistribution requires written permission from the Jackson State University Department of Art.
coll043,JSUART-1991-001,catalog-thumbs/fig-069_lewis-lassiter-ecco-homo-4-20-1991-woodblock-print.png,,,Ecce Homo,Lewis Leon Lassiter,1991,,Woodblock print,9.5 x 11 in,ed. 4/20,"A striking black and white linocut print of Jesus Christ wearing a crown of thorns. The sharp contrasts and bold lines highlight the pain and solemnity of the subject, emphasizing suffering and spirituality.",Figure,"Jackson, Mississippi, United States",32.2988,-90.1848,JSU Department of Art collection catalog,Fig. 69,Image;StillImage,image/png,,JSU,All rights reserved. Reproduction or redistribution requires written permission from the Jackson State University Department of Art.
coll044,JSUART-1991-002,catalog-thumbs/fig-070_lewis-lassiter-las-cruces-1991-8-20-woodblock-print.png,,,Las Cruces,Lewis Leon Lassiter,1991,,Woodblock print,9.5 x 10.5 in,ed. 8/20,"This black and white linocut print portrays a rugged landscape with crosses on a hill, reminiscent of Golgotha. The dynamic, swirling lines and strong contrasts create a dramatic and emotional scene.",Figure,"Jackson, Mississippi, United States",32.2988,-90.1848,JSU Department of Art collection catalog,Fig. 70,Image;StillImage,image/png,,JSU,All rights reserved. Reproduction or redistribution requires written permission from the Jackson State University Department of Art.
coll045,JSUART-1950-001,catalog-thumbs/fig-012_lawrence-a-jones-portrait-of-dr.png,,,Portrait of Dr. Julius Henry Taylor,Lawrence A. Jones,1950,,Oil on canvas,,,"A formal portrait painted in a realistic style. The background includes a chalkboard with mathematical equations, suggesting that the subject may have been an educator or scholar. The composition is dignified, with careful attention to detail in facial features and clothing.",Portraiture,"Jackson, Mississippi, United States",32.2988,-90.1848,JSU Department of Art collection catalog,Fig. 12,Image;StillImage,image/png,,JSU,All rights reserved. Reproduction or redistribution requires written permission from the Jackson State University Department of Art.
coll046,JSUART-1940-001,catalog-thumbs/fig-005_frederick-flemister-the-plotters-1940-oil-on-canvas.png,,,The Plotters,Frederick Flemister,1940,,Oil on canvas,22 x 24 in,,"A dramatic narrative scene featuring three figures engaged in a tense discussion. The rich color palette and strong contrasts between light and shadow add depth and emotion to the composition. The detailed rendering of expressions and gestures suggests themes of power, negotiation, and historical reflection.",Portraiture,"Jackson, Mississippi, United States",32.2988,-90.1848,JSU Department of Art collection catalog,Fig. 5,Image;StillImage,image/png,,JSU,All rights reserved. Reproduction or redistribution requires written permission from the Jackson State University Department of Art.
coll048,JSUART-1943-001,catalog-thumbs/fig-004_hale-aspacio-woodruff-portrait-of-paul-johnson-sr-1943.png,,,"Portrait of Paul Johnson, Sr.",Hale Aspacio Woodruff,1943,,Oil on canvas,29.2 x 36.4 in,,A formal oil portrait of Governor Paul Johnson. ,Portraiture,"Jackson, Mississippi, United States",32.2988,-90.1848,JSU Department of Art collection catalog,Fig. 4,Image;StillImage,image/png,,JSU,All rights reserved. Reproduction or redistribution requires written permission from the Jackson State University Department of Art.
coll051,JSUART-1400-001,catalog-thumbs/fig-092_page-from-gebedenboek-c.png,,,Page from a Gebedenboek,Unknown,c. fifteenth century,,Illuminated manuscript leaf,,,"A beautifully preserved medieval prayer book page, featuring intricate calligraphy in brown ink with vibrant blue, red, and gold decorative initials. ",Manuscript,Netherlandish,52.1326,5.2913,JSU Department of Art collection catalog,Fig. 92,Image;StillImage,image/png,,JSU,All rights reserved. Reproduction or redistribution requires written permission from the Jackson State University Department of Art.
coll052,JSUART-1988-001,Brady.jpg,,,Subject (Martin Luther King/MS map) #79/1,"Brady, Chris",1988,,,,,"A vibrant and symbolic composition, this artwork interweaves elements of African American history, Mississippi heritage, and ambition. The central portrait of MLK is surrounded by significant imagery suggesting themes of progress, perseverance, and legacy. ",Figure,"Jackson, Mississippi, United States",32.2988,-90.1848,JSU permanent collection,,Image;StillImage,image/jpeg,,JSU,All rights reserved. Reproduction or redistribution requires written permission from the Jackson State University Department of Art.
coll053,JSUART-1984-001,catalog-thumbs/fig-033_floyd-willis-coleman-mississippi-suite-study-1984.png,,,Mississippi Suite: Study,Floyd Willis Coleman,1984,,Pen and ink on paper,16 x 23.5 in,,"A structured yet free-flowing grid dominates this composition, with repetitive abstract marks in each compartment. The rhythmic, gestural lines suggest themes of pattern, movement, and controlled chaos, creating a sense of visual tension between structure and spontaneity.",Abstract,"Jackson, Mississippi, United States",32.2988,-90.1848,JSU Department of Art collection catalog,Fig. 33,Image;StillImage,image/png,,JSU,All rights reserved. Reproduction or redistribution requires written permission from the Jackson State University Department of Art.
coll054,JSUART-1979-002,catalog-thumbs/fig-034_brockford-gordon-officer-at-the-flood-1979.png,,,Officer at the Flood,Brockford Gordon,1979,,Photograph,14 x 11 in,,A commanding image of a uniformed officer leaning on a barricade in a flooded cityscape. ,Figure,"Jackson, Mississippi, United States",32.2988,-90.1848,JSU Department of Art collection catalog,Fig. 34,Image;StillImage,image/png,,JSU,All rights reserved. Reproduction or redistribution requires written permission from the Jackson State University Department of Art.
coll055,JSUART-1979-003,catalog-thumbs/fig-035_brockford-gordon-jackson-flood-1979.jpg.png,,,Jackson Flood,Brockford Gordon,1979,,Photograph,11 x 14 in,,A striking documentary photograph capturing the aftermath of a flood. ,Landscape,"Jackson, Mississippi, United States",32.2988,-90.1848,JSU Department of Art collection catalog,Fig. 35,Image;StillImage,image/png,,JSU,All rights reserved. Reproduction or redistribution requires written permission from the Jackson State University Department of Art.
coll056,JSUART-2021-016,catalog-thumbs/fig-038_brockford-gordon-sewing-machine-n-d.png,,,Sewing Machine,Brockford Gordon,c. 1975,,Photograph,14 x 12 in,,"A close-up black-and-white photograph of a sewing machine, capturing the intricate details of the needle and thread. ",Still Life,"Jackson, Mississippi, United States",32.2988,-90.1848,JSU Department of Art collection catalog,Fig. 38,Image;StillImage,image/png,,JSU,All rights reserved. Reproduction or redistribution requires written permission from the Jackson State University Department of Art.
coll057,JSUART-2021-017,catalog-thumbs/fig-037_brockford-gordon-eggs-n-d.png,,,Eggs,Brockford Gordon,c. 1975,,Photograph,10 x 8 in,,A black-and-white photograph featuring a bowl with six eggs. ,Still Life,"Jackson, Mississippi, United States",32.2988,-90.1848,JSU Department of Art collection catalog,Fig. 37,Image;StillImage,image/png,,JSU,All rights reserved. Reproduction or redistribution requires written permission from the Jackson State University Department of Art.
coll058,JSUART-2021-018,catalog-thumbs/fig-039_brockford-gordon-fig-leaf-n-d.png,,,Fig Leaf,Brockford Gordon,c. 1975,,Photograph,10 x 8 in,,"A detailed close-up of fig leaves, highlighting their organic structure in high contrast. ",Still Life,"Jackson, Mississippi, United States",32.2988,-90.1848,JSU Department of Art collection catalog,Fig. 39,Image;StillImage,image/png,,JSU,All rights reserved. Reproduction or redistribution requires written permission from the Jackson State University Department of Art.
coll059,JSUART-2021-019,catalog-thumbs/fig-019_karl-griffin-connie-n-d.png,,,Connie,Karl Griffin,c. 1950s,,Oil on canvas,36 x 24 in,,A portrait painting of a nude woman against a neutral draped background. The figure is carefully detailed.,Figure,"Jackson, Mississippi, United States",32.2988,-90.1848,JSU Department of Art collection catalog,Fig. 19,Image;StillImage,image/png,,JSU,All rights reserved. Reproduction or redistribution requires written permission from the Jackson State University Department of Art.
coll060,JSUART-2021-020,catalog-thumbs/fig-020_karl-griffin-nude-woman-n-d.png,,,Nude Woman,Karl Griffin,c. 1950s,,Oil on canvas,,,"A portrait of a seated nude woman in profile, with an expressive background that blends warm earth tones. The painting’s loose, painterly technique allows for an emotive interpretation of the subject. ",Figure,"Jackson, Mississippi, United States",32.2988,-90.1848,JSU Department of Art collection catalog,Fig. 20,Image;StillImage,image/png,,JSU,All rights reserved. Reproduction or redistribution requires written permission from the Jackson State University Department of Art.
coll061,JSUART-2021-021,catalog-thumbs/fig-018_karl-griffin-figure-study-n-d.png,,,Figure Study,Karl Griffin,c. 1950s,,Gouache on paper,15 x 22 in,,"A vibrant, expressive painting of a standing woman adorned with a headscarf and decorative elements.",Figure,"Jackson, Mississippi, United States",32.2988,-90.1848,JSU Department of Art collection catalog,Fig. 18,Image;StillImage,image/png,,JSU,All rights reserved. Reproduction or redistribution requires written permission from the Jackson State University Department of Art.
coll062,JSUART-1977-001,catalog-thumbs/fig-054_lee-harris-untitled-sketched-faces-1977-red-and-black-charcoal-on-newsprint.png,,,Untitled (Sketched Faces),Lee Harris,1977,,Red and black charcoal on newsprint,19.5 x 26 in,,"A fragmented, abstract drawing of two faces overlapping, created with geometric lines and subtle shading. ",Portraiture,"Jackson, Mississippi, United States",32.2988,-90.1848,JSU Department of Art collection catalog,Fig. 54,Image;StillImage,image/png,,JSU,All rights reserved. Reproduction or redistribution requires written permission from the Jackson State University Department of Art.
coll063,JSUART-1990-001,catalog-thumbs/fig-068_lewis-lassiter-mannequins-1990.png,,,Mannequins,Lewis Leon Lassiter,1990,,Oil on canvas,16 x 12 in,,"An abstract composition in bold reds, pinks, and blues, this painting features stylized human figures with geometric elements. The forms are fragmented and angular, suggesting a Cubist influence, with an emphasis on movement and depth.",Figure,"Jackson, Mississippi, United States",32.2988,-90.1848,JSU Department of Art collection catalog,Fig. 68,Image;StillImage,image/png,,JSU,All rights reserved. Reproduction or redistribution requires written permission from the Jackson State University Department of Art.
coll064,JSUART-1980-003,catalog-thumbs/fig-082_benjamin-macala-face-1980.png,,,Face,Benjamin Mzimkulu Macala,1980,,Watercolor and charcoal on paper,25.25 x 40.4 in,,An abstract drawing of a figure with an almost cubist structure. The muted tones and fragmented lines create a sense of introspection and emotional depth.,Portraiture,"Jackson, Mississippi, United States",32.2988,-90.1848,JSU Department of Art collection catalog,Fig. 82,Image;StillImage,image/png,,JSU,All rights reserved. Reproduction or redistribution requires written permission from the Jackson State University Department of Art.
coll065,JSUART-1979-004,catalog-thumbs/fig-083_benjamin-macala-untitled-abstract-portrait-of-a-woman-2-1979.png,,,Untitled (Abstract Portrait of a Woman 2),Benjamin Mzimkulu Macala,1979,,Watercolor and charcoal on paper,40.25 x 25.25 in,,"A continuation of the artist’s signature abstract style, this work features multiple faces and interwoven shapes. The fluid, organic lines and subdued sepia tones evoke a dreamlike or meditative quality.",Portraiture,"Johannesburg, South Africa",-26.2041,28.0473,JSU Department of Art collection catalog,Fig. 83,Image;StillImage,image/png,,JSU,All rights reserved. Reproduction or redistribution requires written permission from the Jackson State University Department of Art.
coll066,JSUART-1964-001,catalog-thumbs/fig-080_c-w.png,,,Struggle,C. W. Moore,1964,,Print after larger acrylic painting on Masonite hardboard,4 x 8 ft,,"A vibrant painting featuring exaggerated and interconnected figures rendered in bold reds, yellows, and blacks. The stylized expressions suggest struggle, resilience, and unity. ",Figure,"Johannesburg, South Africa",-26.2041,28.0473,JSU Department of Art collection catalog,Fig. 80,Image;StillImage,image/png,,JSU,All rights reserved. Reproduction or redistribution requires written permission from the Jackson State University Department of Art.
coll067,JSUART-1980-004,catalog-thumbs/fig-085_godfrey-ndaba-two-women-1.png,,,Two Women (1),Godfrey Ndaba,1980,,Chalk on paper,12.6 x 37.85 in,,"A delicate, gestural drawing portraying a mother cradling a child. The overlapping, sketch-like lines create a sense of movement and fluidity, while soft earth tones add warmth. ",Figure,"Jackson, Mississippi, United States",32.2988,-90.1848,JSU Department of Art collection catalog,Fig. 85,Image;StillImage,image/png,,JSU,All rights reserved. Reproduction or redistribution requires written permission from the Jackson State University Department of Art.
coll068,JSUART-1980-005,catalog-thumbs/fig-084_godfrey-ndaba-two-women-2.png,,,Two Women (2),Godfrey Ndaba,1980,,Chalk on paper,12.6 x 37.85 in,,"A work emphasizing maternal connection. The figures seem to merge into one another, symbolizing interdependence and love. ",Figure,"Johannesburg, South Africa",-26.2041,28.0473,JSU Department of Art collection catalog,Fig. 84,Image;StillImage,image/png,,JSU,All rights reserved. Reproduction or redistribution requires written permission from the Jackson State University Department of Art.
coll069,JSUART-1994-001,catalog-thumbs/fig-073_anne-o-hara-three-young-women-1994.png,,,Three Young Women,Anne O’Hara,1994,,Colored pencil on illustration board,48 x 38 in,,"A finely rendered pencil drawing of three young women. The figures are arranged in a triangular composition: one woman in the foreground wears a T‑shirt printed “GEORGIA,” her hair pulled back, and smiles gently at the viewer; behind her to the left, a tall figure in a floral sleeveless top stands with one hand on her hip; to the right, a third woman, with a sleek bob haircut, leans slightly forward. ",Portraiture,"Johannesburg, South Africa",-26.2041,28.0473,JSU Department of Art collection catalog,Fig. 73,Image;StillImage,image/png,,JSU,All rights reserved. Reproduction or redistribution requires written permission from the Jackson State University Department of Art.
coll070,JSUART-1990-002,catalog-thumbs/fig-040_stephenson-lynette-k-untitled-dress.png,,,Untitled (Dress),Lynette K. Stephenson,c. mid-1990s,,,,,"A large‑scale, unfinished figure painting focused on a torso and skirt. Against a neutral backdrop, a headless figure’s upper body is sketched in muted grays and whites; the lower half is a broad red skirt rendered in energetic vertical strokes, its hem unclear. ",Still Life,"Jackson, Mississippi, United States",32.2988,-90.1848,JSU Department of Art collection catalog,Fig. 40,Image;StillImage,image/png,,JSU,All rights reserved. Reproduction or redistribution requires written permission from the Jackson State University Department of Art.
coll071,JSUART-2021-022,catalog-thumbs/fig-029_hugh-e-stevens-attr-young-man.png,,,Young Man,Hugh E. Stevens,n.d.,Attributed to,Oil on Masonite,51 x 51.5 in,,"A vibrant portrait of a young Black man at his easel. He sits front‑center, holding a green‑edged canvas. He wears a striped collared shirt beneath a rust‑brown sweater vest. Warm studio lighting highlights his rich brown skin tones and the colorful geometric shapes of his workspace behind him.",Portraiture,"Jackson, Mississippi, United States",32.2988,-90.1848,JSU Department of Art collection catalog,Fig. 29,Image;StillImage,image/png,,JSU,All rights reserved. Reproduction or redistribution requires written permission from the Jackson State University Department of Art.
coll076,JSUART-1966-003,catalog-thumbs/fig-097_kojin-toneyama-sunset-191-210-1966.png,,,Sunset,Kojin Toneyama,1966,,Lithograph in color,17 x 21.75 in,ed. 191/210,"A boldly abstract lithograph on paper, dominated by a vibrant yellow ground. Across the surface, thick black brush–like strokes swirl into a loose horizon line. Spontaneous splatters of red and gestural grays animate the mid‑ground, giving the work a dynamic, almost musical energy.",Abstract,"Jackson, Mississippi, United States",32.2988,-90.1848,JSU Department of Art collection catalog,Fig. 97,Image;StillImage,image/png,,JSU,All rights reserved. Reproduction or redistribution requires written permission from the Jackson State University Department of Art.
coll078,JSUART-2008-001,catalog-thumbs/fig-079_jerry-and-terry-lynn-aka-twin-red-manse-2008.png,,,Red Manse,Jerry and Terry Lynn (Twin),2008,,Oil on canvas,48 x 48 in,,"A serene and atmospheric painting of an old cabin in an autumnal landscape. The texture-rich brushstrokes and earthy tones create a nostalgic and rustic ambiance, highlighting themes of solitude and memory.",Landscape,"Ibaraki prefecture, Japan",36.3418,140.4468,JSU Department of Art collection catalog,Fig. 79,Image;StillImage,image/png,,JSU,All rights reserved. Reproduction or redistribution requires written permission from the Jackson State University Department of Art.
coll082,JSUART-1987-001,catalog-thumbs/fig-067_mary-lovelace-o-neal-chairs-and-tables-or-workshop-in-painting-april-1987-oil.png,,,Chairs and Tables or Workshop in Painting,Mary Lovelace O’Neal,April 1987,,Oil,,,"An energetic abstract painting of overlapping, organic shapes. Broad, gestural brushstrokes in teal, mustard, crimson and deep navy form a series of undulating, partially circular forms that seem to float against a darker field. ",Still Life,"Memphis, Tennessee, United States",35.1495,-90.049,JSU Department of Art collection catalog,Fig. 67,Image;StillImage,image/png,,JSU,All rights reserved. Reproduction or redistribution requires written permission from the Jackson State University Department of Art.
coll083,JSUART-1972-001,catalog-thumbs/fig-025_vase-by-marcus-douyon-1972.png,,,Vase,Marcus Douyon,1972,,Ceramic,,,"A handcrafted vessel with an earthy, rustic glaze, this ceramic piece highlights the natural beauty of texture and form. ",Ceramics,"Jackson, Mississippi, United States",32.2988,-90.1848,JSU Department of Art collection catalog,Fig. 25,Image;StillImage,image/png,,JSU,All rights reserved. Reproduction or redistribution requires written permission from the Jackson State University Department of Art.
coll084,JSUART-1999-001,catalog-thumbs/fig-044_dr-chalmers-mayers-jr-composition-number-one-acrylic-and-collage-on-board.png,,,Composition Number One,Chalmers W. Mayers Jr.,1999,,Acrylic and collage on board,,,"A layered mixed-media collage that appears to map historical and cultural intersections. The surface is textured with deep hues of red, brown, and purple, incorporating text that references various countries such as Zimbabwe, Sudan, and Poland. Embedded photographic fragments add a historical dimension, exploring themes of migration, colonialism, or diaspora.",Abstract,"Jackson, Mississippi, United States",32.2988,-90.1848,JSU Department of Art collection catalog,Fig. 44,Image;StillImage,image/png,,JSU,All rights reserved. Reproduction or redistribution requires written permission from the Jackson State University Department of Art.
coll085,JSUART-1946-001,catalog-thumbs/fig-001_paul-b-johnson-hall-of-social-science.png,,,Paul B. Johnson Hall of Social Science,,1946,,,,,Documentation image or catalog figure included in the public-facing JSU art database.,Documentation,,,,JSU Department of Art collection catalog,Fig. 1,Documentation Image,image/png,,JSU,All rights reserved. Reproduction or redistribution requires written permission from the Jackson State University Department of Art.
coll086,JSUART-2021-023,catalog-thumbs/fig-002_social-sciences-building-later-johnson-hall-jackson-state-university-1944-photograph.png,,,"Social Sciences Building, later Johnson Hall, Jackson State University",,n.d.,,Photograph,,,Documentation image or catalog figure included in the public-facing JSU art database.,Documentation,,,,JSU Department of Art collection catalog,Fig. 2,Documentation Image,image/png,,JSU,All rights reserved. Reproduction or redistribution requires written permission from the Jackson State University Department of Art.
coll087,JSUART-2021-024,catalog-thumbs/fig-003_president-jacob-l-reddix-receiving-a-citation-from-governor-paul-b-johnson-jr-with-a-portrait-of-governor.png,,,"President Jacob L. Reddix receiving a citation from Governor Paul B. Johnson Jr., with portrait of Governor Paul B. Johnson Sr. in the background",,n.d.,,Photograph,,,Documentation image or catalog figure included in the public-facing JSU art database.,Documentation,,,,JSU Department of Art collection catalog,Fig. 3,Documentation Image,image/png,,JSU,All rights reserved. Reproduction or redistribution requires written permission from the Jackson State University Department of Art.
coll088,JSUART-1944-001,catalog-thumbs/fig-006_vertis-hayes-in-front-of-the-carver-mural-johnson-hall.png,,,"Vertis Hayes in front of the Carver Mural, Johnson Hall, Jackson State University",Photographer unknown,1944,,Photograph,,,Documentation image or catalog figure included in the public-facing JSU art database.,Mural,,,,JSU Department of Art collection catalog,Fig. 6,Documentation Image,image/png,,JSU,All rights reserved. Reproduction or redistribution requires written permission from the Jackson State University Department of Art.
coll089,JSUART-1944-002,catalog-thumbs/fig-007_vertis-hayes-the-carver-mural.png,,,The Carver Mural,Vertis Hayes,1944,,Full-scale reproduction after original,,,Documentation image or catalog figure included in the public-facing JSU art database.,Mural,,,,JSU Department of Art collection catalog,Fig. 7,Documentation Image,image/png,,JSU,All rights reserved. Reproduction or redistribution requires written permission from the Jackson State University Department of Art.
coll090,JSUART-1944-003,catalog-thumbs/fig-008_detail-of-the-carver-mural-1944.png,,,Detail of The Carver Mural,,1944,,Full-scale reproduction after original,,,Documentation image or catalog figure included in the public-facing JSU art database.,Mural,,,,JSU Department of Art collection catalog,Fig. 8,Documentation Image,image/png,,JSU,All rights reserved. Reproduction or redistribution requires written permission from the Jackson State University Department of Art.
coll091,JSUART-2021-025,catalog-thumbs/fig-009_applied-textiles-and-craft-display-associated-with-maria-joness-teaching-jackson-state-university-department-of-art-n-d-photograph.png,,,"Applied arts or crafts display associated with Maria Jones’s teaching, Jackson State University Department of Art",,n.d.,,Photograph,,,Documentation image or catalog figure included in the public-facing JSU art database.,Documentation,,,,JSU Department of Art collection catalog,Fig. 9,Documentation Image,image/png,,JSU,All rights reserved. Reproduction or redistribution requires written permission from the Jackson State University Department of Art.
coll092,JSUART-2021-026,catalog-thumbs/fig-010_lawrence-a-jones-leading-a-painting-class-jackson-state-university-department-of-art-n-d-photograph.png,,,"Lawrence A. Jones leading a painting class, Jackson State University Department of Art",,n.d.,,Photograph,,,Documentation image or catalog figure included in the public-facing JSU art database.,Documentation,,,,JSU Department of Art collection catalog,Fig. 10,Documentation Image,image/png,,JSU,All rights reserved. Reproduction or redistribution requires written permission from the Jackson State University Department of Art.
coll093,JSUART-2021-027,catalog-thumbs/fig-011_freshman-art-majors-jackson-state-university-1952-yearbook-photograph.png,,,"Freshman art majors, Jackson State University",,n.d.,,Yearbook photograph,,,Documentation image or catalog figure included in the public-facing JSU art database.,Documentation,,,,JSU Department of Art collection catalog,Fig. 11,Documentation Image,image/png,,JSU,All rights reserved. Reproduction or redistribution requires written permission from the Jackson State University Department of Art.
coll094,JSUART-2021-028,catalog-thumbs/fig-013_lawrence-a-jones-unveiling-a-portrait-of-dr-h-t-sampson-jackson-state-university-n-d-photograph.png,,,"Lawrence A. Jones unveiling a portrait of Dr. H. T. Sampson, Jackson State University",,n.d.,,Photograph,,,Documentation image or catalog figure included in the public-facing JSU art database.,Documentation,,,,JSU Department of Art collection catalog,Fig. 13,Documentation Image,image/png,,JSU,All rights reserved. Reproduction or redistribution requires written permission from the Jackson State University Department of Art.
coll095,JSUART-2021-029,catalog-thumbs/fig-014_lawrence-a-jones-in-his-home-studio-jackson-state-university-n-d-photograph.png,,,"Lawrence A. Jones in his studio, Jackson State University Department of Art",,n.d.,,Photograph,,,Documentation image or catalog figure included in the public-facing JSU art database.,Documentation,,,,JSU Department of Art collection catalog,Fig. 14,Documentation Image,image/png,,JSU,All rights reserved. Reproduction or redistribution requires written permission from the Jackson State University Department of Art.
coll096,JSUART-2021-030,catalog-thumbs/fig-015_maria-jones-jackson-state-university-n-d-yearbook-portrait.png,,,"Maria Jones, Jackson State University",,n.d.,,Yearbook portrait,,,Documentation image or catalog figure included in the public-facing JSU art database.,Documentation,,,,JSU Department of Art collection catalog,Fig. 15,Documentation Image,image/png,,JSU,All rights reserved. Reproduction or redistribution requires written permission from the Jackson State University Department of Art.
coll097,JSUART-2021-031,catalog-thumbs/fig-016_lawrence-a-jones-jackson-state-university-n-d-yearbook-portrait.png,,,"Lawrence A. Jones, Jackson State University",,n.d.,,Yearbook portrait,,,Documentation image or catalog figure included in the public-facing JSU art database.,Documentation,,,,JSU Department of Art collection catalog,Fig. 16,Documentation Image,image/png,,JSU,All rights reserved. Reproduction or redistribution requires written permission from the Jackson State University Department of Art.
coll098,JSUART-2021-032,catalog-thumbs/fig-017_karl-griffin-center-with-colleagues-and-african-art-objects-jackson-state-university-n-d-photograph.png,,,"Karl Griffin with colleagues and African art objects, Jackson State University",,n.d.,,Photograph,,,Documentation image or catalog figure included in the public-facing JSU art database.,Documentation,,,,JSU Department of Art collection catalog,Fig. 17,Documentation Image,image/png,,JSU,All rights reserved. Reproduction or redistribution requires written permission from the Jackson State University Department of Art.
coll099,JSUART-2021-033,catalog-thumbs/fig-022_marcus-douyon-shaping-a-vase-in-the-ceramics-studio-jackson-state-university-n-d-photograph.png,,,"Marcus Douyon shaping a vase in the ceramics shop, Jackson State University",,n.d.,,Yearbook photograph,,,Documentation image or catalog figure included in the public-facing JSU art database.,Documentation,,,,JSU Department of Art collection catalog,Fig. 22,Documentation Image,image/png,,JSU,All rights reserved. Reproduction or redistribution requires written permission from the Jackson State University Department of Art.
coll100,JSUART-2021-034,catalog-thumbs/fig-023_students-working-in-the-ceramics-studio-jackson-state-university-department-of-art-n-d-photograph.png,,,"Students working in the ceramics studio, Jackson State University Department of Art",,n.d.,,Photograph,,,Documentation image or catalog figure included in the public-facing JSU art database.,Documentation,,,,JSU Department of Art collection catalog,Fig. 23,Documentation Image,image/png,,JSU,All rights reserved. Reproduction or redistribution requires written permission from the Jackson State University Department of Art.
coll101,JSUART-2021-035,catalog-thumbs/fig-024_marcus-douyon-jackson-state-university-n-d-yearbook-portrait.png,,,"Marcus Douyon, Jackson State University",,n.d.,,Yearbook portrait,,,Documentation image or catalog figure included in the public-facing JSU art database.,Documentation,,,,JSU Department of Art collection catalog,Fig. 24,Documentation Image,image/png,,JSU,All rights reserved. Reproduction or redistribution requires written permission from the Jackson State University Department of Art.
coll102,JSUART-1973-002,catalog-thumbs/fig-026_lawrence-a-jones-unveiling-elizabeth-catletts-portrait-of-phillis-wheatley-with-margaret-walker-presiding-phillis-wheatley-poetry-festival.png,,,"Lawrence A. Jones unveiling Elizabeth Catlett’s portrait of Phillis Wheatley, with Margaret Walker presiding, during the",,1973,,"Phillis Wheatley Poetry Festival, Jackson State University. Photograph",Photograph,,Documentation image or catalog figure included in the public-facing JSU art database.,Portraiture,,,,JSU Department of Art collection catalog,Fig. 26,Documentation Image,image/png,,JSU,All rights reserved. Reproduction or redistribution requires written permission from the Jackson State University Department of Art.
coll103,JSUART-2021-036,catalog-thumbs/fig-027_department-of-art-faculty-and-staff-in-a-gallery-space-jackson-state-university-n-d-photograph.png,,,"Department of Art faculty and staff in gallery space, Jackson State University",,n.d.,,Photograph,,,Documentation image or catalog figure included in the public-facing JSU art database.,Documentation,,,,JSU Department of Art collection catalog,Fig. 27,Documentation Image,image/png,,JSU,All rights reserved. Reproduction or redistribution requires written permission from the Jackson State University Department of Art.
coll104,JSUART-1970-002,catalog-thumbs/fig-028_photograph-of-hugh-e-stevens-with-still-life-outside-of-johnson-hall-c.png,,,Hugh E. Stevens with Still Life outside Johnson Hall,Photographer unknown,c. 1970,,"Photograph. Department of Art Archives, Jackson State University","Department of Art Archives, Jackson State University",,Documentation image or catalog figure included in the public-facing JSU art database.,Documentation,,,,JSU Department of Art collection catalog,Fig. 28,Documentation Image,image/png,,JSU,All rights reserved. Reproduction or redistribution requires written permission from the Jackson State University Department of Art.
coll105,JSUART-2021-037,catalog-thumbs/fig-030_department-of-art-faculty-jackson-state-university-n-d-from-left-roy-farmer-assistant-professor-willie-cook-associate-professor.png,,,"Department of Art faculty, including Floyd Coleman, Jackson State University",,n.d.,,Yearbook photograph,,,Documentation image or catalog figure included in the public-facing JSU art database.,Documentation,,,,JSU Department of Art collection catalog,Fig. 30,Documentation Image,image/png,,JSU,All rights reserved. Reproduction or redistribution requires written permission from the Jackson State University Department of Art.
coll107,JSUART-2021-038,catalog-thumbs/fig-042_brutus-quinn-and-peers-at-jackson-state-university-brutus-quinn-and-peers-at-jackson-state-university.png,,,"Photographer unknown, Brutus Quinn and peers at Jackson State University",,n.d.,,Photograph,,,Documentation image or catalog figure included in the public-facing JSU art database.,Documentation,,,,JSU Department of Art collection catalog,Fig. 42,Documentation Image,image/png,,JSU,All rights reserved. Reproduction or redistribution requires written permission from the Jackson State University Department of Art.
coll108,JSUART-1982-001,catalog-thumbs/fig-043_brutus-quinn-my-madonna-ca-1982-oil-on-canvas-51-x-35-5-in.png,,,My Madonna,Brutus Quinn,c. 1982,,Oil on canvas,51 x 35.5 in,,Documentation image or catalog figure included in the public-facing JSU art database.,,,,,JSU Department of Art collection catalog,Fig. 43,Image;StillImage,image/png,,JSU,All rights reserved. Reproduction or redistribution requires written permission from the Jackson State University Department of Art.
coll109,JSUART-2021-039,catalog-thumbs/fig-045_john-jennings-stoneye-jackson.png,,,Stoneye Jackson,John Jennings,n.d.,,,,,Documentation image or catalog figure included in the public-facing JSU art database.,,,,,JSU Department of Art collection catalog,Fig. 45,Image;StillImage,image/png,,JSU,All rights reserved. Reproduction or redistribution requires written permission from the Jackson State University Department of Art.
coll110,JSUART-2021-040,catalog-thumbs/fig-046_john-jennings-the-roach-created-by-robert-roach-ca-2007-medium-and-dimensions-unknown.png,,,The Roach (created by Robert Roach),John Jennings,n.d.,,,,,Documentation image or catalog figure included in the public-facing JSU art database.,,,,,JSU Department of Art collection catalog,Fig. 46,Image;StillImage,image/png,,JSU,All rights reserved. Reproduction or redistribution requires written permission from the Jackson State University Department of Art.
coll111,JSUART-2007-001,catalog-thumbs/fig-047_exhibition-poster-captain-america-by-mshindo-i-kuumba-other-heroes-african-american-comic-book-creators-and-characters.png,,,"Exhibition poster for Other Heroes: African American Comic Book Creators and Characters, featuring Captain America by Mshindo I Kuumba, Jackson State University",,2007,,,,,Documentation image or catalog figure included in the public-facing JSU art database.,Documentation,,,,JSU Department of Art collection catalog,Fig. 47,Documentation Image,image/png,,JSU,All rights reserved. Reproduction or redistribution requires written permission from the Jackson State University Department of Art.
coll112,JSUART-2000-003,catalog-thumbs/fig-049_lester-julian-merriweather-to-maximize-profits-2000-assemblage-mixed-media-on-canvas.png,,,To Maximize Profits,Lester Julian Merriweather,2000,,Assemblage and mixed media on canvas,48 x 36 in,,Documentation image or catalog figure included in the public-facing JSU art database.,,,,,JSU Department of Art collection catalog,Fig. 49,Image;StillImage,image/png,,JSU,All rights reserved. Reproduction or redistribution requires written permission from the Jackson State University Department of Art.
coll113,JSUART-2000-004,catalog-thumbs/fig-050_lester-julian-merriweather-america-s-pastime-2000-assemblage-mixed-media-on-canvas.png,,,America’s Pastime,Lester Julian Merriweather,2000,,Assemblage and mixed media on canvas,48 x 48 in,,Documentation image or catalog figure included in the public-facing JSU art database.,,,,,JSU Department of Art collection catalog,Fig. 50,Image;StillImage,image/png,,JSU,All rights reserved. Reproduction or redistribution requires written permission from the Jackson State University Department of Art.
coll114,JSUART-2000-005,catalog-thumbs/fig-051_lester-julian-merriweather-dans-ce-cas-2000-oil-on-canvas-72-x-72-in.png,,,Dans Ce Cas,Lester Julian Merriweather,2000,,Oil on canvas,72 x 72 in,,Documentation image or catalog figure included in the public-facing JSU art database.,,,,,JSU Department of Art collection catalog,Fig. 51,Image;StillImage,image/png,,JSU,All rights reserved. Reproduction or redistribution requires written permission from the Jackson State University Department of Art.
coll115,JSUART-2000-006,catalog-thumbs/fig-052_lester-julian-merriweather-self-portrait-twenty-eight-2000-oil-on-canvas-72-x-72-in.png,,,"Self-Portrait, Twenty-Eight",Lester Julian Merriweather,2000,,Oil on canvas,72 x 72 in,,Documentation image or catalog figure included in the public-facing JSU art database.,Portraiture,,,,JSU Department of Art collection catalog,Fig. 52,Image;StillImage,image/png,,JSU,All rights reserved. Reproduction or redistribution requires written permission from the Jackson State University Department of Art.
coll116,JSUART-1969-001,catalog-thumbs/fig-058_roland-freeman-peter.png,,,"Peter, East Baltimore, Maryland",Roland L. Freeman,"June 1969; negative 1969, printed 1997",,Gelatin silver print,20 x 16 in.; image: 17 1/8 x 11 1/4 in,,Documentation image or catalog figure included in the public-facing JSU art database.,Printmaking,,,,JSU Department of Art collection catalog,Fig. 58,Image;StillImage,image/png,,JSU,All rights reserved. Reproduction or redistribution requires written permission from the Jackson State University Department of Art.
coll117,JSUART-1985-001,catalog-thumbs/fig-059_roland-freeman-mrs-viola-allen-africatown-al-1985-gelatin-silver-print.png,,,"Mrs. Viola Allen, Africatown, Alabama",Roland L. Freeman,1985,,Gelatin silver print,20 x 16 in,,Documentation image or catalog figure included in the public-facing JSU art database.,Printmaking,,,,JSU Department of Art collection catalog,Fig. 59,Image;StillImage,image/png,,JSU,All rights reserved. Reproduction or redistribution requires written permission from the Jackson State University Department of Art.
coll118,JSUART-1975-001,catalog-thumbs/fig-060_roland-freeman-community-elders.png,,,"Community Elders, Mississippi",Roland L. Freeman,1975,,Gelatin silver print,16 x 20 in,,Documentation image or catalog figure included in the public-facing JSU art database.,Printmaking,,,,JSU Department of Art collection catalog,Fig. 60,Image;StillImage,image/png,,JSU,All rights reserved. Reproduction or redistribution requires written permission from the Jackson State University Department of Art.
coll119,JSUART-1975-002,catalog-thumbs/fig-061_roland-freeman-cigar-box-fiddler-scott-dunbar.png,,,"Cigar Box Fiddler Scott Dunbar, Mississippi",Roland L. Freeman,1975,,Gelatin silver print,16 x 20 in,,Documentation image or catalog figure included in the public-facing JSU art database.,Printmaking,,,,JSU Department of Art collection catalog,Fig. 61,Image;StillImage,image/png,,JSU,All rights reserved. Reproduction or redistribution requires written permission from the Jackson State University Department of Art.
coll120,JSUART-1973-003,catalog-thumbs/fig-062_roland-freeman-getting-acquainted.png,,,"Getting Acquainted, Sunday Afternoon in Druid Hill Park, Baltimore, Maryland",Roland L. Freeman,1973,,Gelatin silver print,20 x 16 in,,Documentation image or catalog figure included in the public-facing JSU art database.,Printmaking,,,,JSU Department of Art collection catalog,Fig. 62,Image;StillImage,image/png,,JSU,All rights reserved. Reproduction or redistribution requires written permission from the Jackson State University Department of Art.
coll121,JSUART-1980-006,catalog-thumbs/fig-063_roland-freeman-before-sunday-evening-service-st-helena-island-sc-1980-gelatin-silver-print.png,,,"Before Sunday Evening Service, St. Helena Island, South Carolina",Roland L. Freeman,1980,,Gelatin silver print,20 x 16 in,,Documentation image or catalog figure included in the public-facing JSU art database.,Printmaking,,,,JSU Department of Art collection catalog,Fig. 63,Image;StillImage,image/png,,JSU,All rights reserved. Reproduction or redistribution requires written permission from the Jackson State University Department of Art.
coll122,JSUART-1973-004,catalog-thumbs/fig-064_roland-l-freeman-shopping-on-gay-street-east-baltimore-maryland-1973-gelatin-silver-print-17-x-11-3-8.png,,,"Shopping on Gay Street, East Baltimore, Maryland",Roland L. Freeman,1973,,Gelatin silver print,17 x 11 3/8 in,,Documentation image or catalog figure included in the public-facing JSU art database.,Printmaking,,,,JSU Department of Art collection catalog,Fig. 64,Image;StillImage,image/png,,JSU,All rights reserved. Reproduction or redistribution requires written permission from the Jackson State University Department of Art.
coll123,JSUART-1979-005,catalog-thumbs/fig-065_roland-l-freeman-ruby-quick-wilford-streeter-and-claudie-mae-bright-in-the-sand-hills-near-bennettsville-south.png,,,"Ruby Quick, Wilford Streeter, and Claudie Mae Bright, in the Sand Hills, near Bennettsville, South Carolina",Roland L. Freeman,1979,,Gelatin silver print,16 x 20 in,,Documentation image or catalog figure included in the public-facing JSU art database.,Printmaking,,,,JSU Department of Art collection catalog,Fig. 65,Image;StillImage,image/png,,JSU,All rights reserved. Reproduction or redistribution requires written permission from the Jackson State University Department of Art.
coll124,JSUART-1987-002,catalog-thumbs/fig-066_mary-lovelace-o-neal-giving-a-painting-demonstration-at-jackson-state-university-jackson.png,,,"Photographer unknown, Mary Lovelace O’Neal giving a painting demonstration at Jackson State University",,1987,,Photograph,,,Documentation image or catalog figure included in the public-facing JSU art database.,Documentation,,,,JSU Department of Art collection catalog,Fig. 66,Documentation Image,image/png,,JSU,All rights reserved. Reproduction or redistribution requires written permission from the Jackson State University Department of Art.
coll125,JSUART-2021-041,catalog-thumbs/fig-075_ronald-schnell-group-of-figures.png,,,Group of Figures,Ronald O. Schnell,c. 1960s,,Oil on board,48 x 60 in,,Documentation image or catalog figure included in the public-facing JSU art database.,,,,,JSU Department of Art collection catalog,Fig. 75,Image;StillImage,image/png,,JSU,All rights reserved. Reproduction or redistribution requires written permission from the Jackson State University Department of Art.
coll126,JSUART-2021-042,catalog-thumbs/fig-076_ronald-schnell-figure-study.png,,,Figure Study,Ronald O. Schnell,c. 1960s,,Oil on board,48 x 60 in,,Documentation image or catalog figure included in the public-facing JSU art database.,,,,,JSU Department of Art collection catalog,Fig. 76,Image;StillImage,image/png,,JSU,All rights reserved. Reproduction or redistribution requires written permission from the Jackson State University Department of Art.
coll127,JSUART-1964-002,catalog-thumbs/fig-077_ronald-schnell-figures.png,,,Figures,Ronald O. Schnell,1964,,Oil on canvas,48 x 60 in,,Documentation image or catalog figure included in the public-facing JSU art database.,,,,,JSU Department of Art collection catalog,Fig. 77,Image;StillImage,image/png,,JSU,All rights reserved. Reproduction or redistribution requires written permission from the Jackson State University Department of Art.
coll128,JSUART-2021-043,catalog-thumbs/fig-081_unknown-i-am-a-man.png,,,I Am a Man,Unknown,c. 1980s,,Print and graphite,,,Documentation image or catalog figure included in the public-facing JSU art database.,Printmaking,,,,JSU Department of Art collection catalog,Fig. 81,Image;StillImage,image/png,,JSU,All rights reserved. Reproduction or redistribution requires written permission from the Jackson State University Department of Art.
coll129,JSUART-2021-044,catalog-thumbs/fig-089_hargreaves-ntukwana-figure-with-violin-n-d.png,,,Figure with Violin,Hargreaves Ntukwana,c. 1970s,,Mixed media on paper,14.25 x 10 in,,Documentation image or catalog figure included in the public-facing JSU art database.,,,,,JSU Department of Art collection catalog,Fig. 89,Image;StillImage,image/png,,JSU,All rights reserved. Reproduction or redistribution requires written permission from the Jackson State University Department of Art.
coll130,JSUART-2021-045,catalog-thumbs/fig-090_hargreaves-ntukwana-figure-with-mandolin-n-d-14-25x10.png,,,Figure with Mandolin,Hargreaves Ntukwana,c. 1970s,,Mixed media on paper,14.25 x 10 in,,Documentation image or catalog figure included in the public-facing JSU art database.,,,,,JSU Department of Art collection catalog,Fig. 90,Image;StillImage,image/png,,JSU,All rights reserved. Reproduction or redistribution requires written permission from the Jackson State University Department of Art.
coll131,JSUART-1400-002,catalog-thumbs/fig-093_page-from-gebedenboek-c.png,,,Page from a Gebedenboek,,c. fifteenth century,,Illuminated manuscript leaf,,,Documentation image or catalog figure included in the public-facing JSU art database.,,,,,JSU Department of Art collection catalog,Fig. 93,Image;StillImage,image/png,,JSU,All rights reserved. Reproduction or redistribution requires written permission from the Jackson State University Department of Art.
coll132,JSUART-1964-003,catalog-thumbs/fig-100_rodolfo-paras-perez-revelry.png,,,Revelry,Rodolfo Paras-Perez,1964,,Woodcut,28 x 22 in,,Documentation image or catalog figure included in the public-facing JSU art database.,Printmaking,,,,JSU Department of Art collection catalog,Fig. 100,Image;StillImage,image/png,,JSU,All rights reserved. Reproduction or redistribution requires written permission from the Jackson State University Department of Art.
